Community,Source,Year,Families,PCT,Poverty
Geneva,https://factfinder.census.gov/bkmk/table/1.0/en/ACS/17_5YR/DP03/0400000US36|0500000US36069|0600000US3606928640|0600000US3606928651,2014,2483,17.3,430
Geneva,https://factfinder.census.gov/bkmk/table/1.0/en/ACS/17_5YR/DP03/0400000US36|0500000US36069|0600000US3606928640|0600000US3606928651,2017,2490,14.4,359
Geneva GCSD,https://factfinder.census.gov/bkmk/table/1.0/en/ACS/17_5YR/DP03/0400000US36|0500000US36069|0600000US3606928640|0600000US3606928651,2010,3863,11.6,448
Geneva GCSD,https://factfinder.census.gov/bkmk/table/1.0/en/ACS/17_5YR/DP03/0400000US36|0500000US36069|0600000US3606928640|0600000US3606928651,2011,3843,12.6,484
Geneva GCSD,https://factfinder.census.gov/bkmk/table/1.0/en/ACS/17_5YR/DP03/0400000US36|0500000US36069|0600000US3606928640|0600000US3606928651,2012,3717,14,520
Geneva GCSD,https://factfinder.census.gov/bkmk/table/1.0/en/ACS/17_5YR/DP03/0400000US36|0500000US36069|0600000US3606928640|0600000US3606928651,2013,3826,13.1,501
Geneva GCSD,https://factfinder.census.gov/bkmk/table/1.0/en/ACS/17_5YR/DP03/0400000US36|0500000US36069|0600000US3606928640|0600000US3606928651,2014,3832,13,498
Geneva GCSD,https://factfinder.census.gov/bkmk/table/1.0/en/ACS/17_5YR/DP03/0400000US36|0500000US36069|0600000US3606928640|0600000US3606928651,2015,3685,13.2,486
Geneva GCSD,https://factfinder.census.gov/bkmk/table/1.0/en/ACS/17_5YR/DP03/0400000US36|0500000US36069|0600000US3606928640|0600000US3606928651,2016,3706,15,556
Geneva GCSD,https://factfinder.census.gov/bkmk/table/1.0/en/ACS/17_5YR/DP03/0400000US36|0500000US36069|0600000US3606928640|0600000US3606928651,2017,3624,15.1,547
Geneva Town,https://factfinder.census.gov/bkmk/table/1.0/en/ACS/17_5YR/DP03/0400000US36|0500000US36069|0600000US3606928640|0600000US3606928651,2014,986,4.6,45
Geneva Town,https://factfinder.census.gov/bkmk/table/1.0/en/ACS/17_5YR/DP03/0400000US36|0500000US36069|0600000US3606928640|0600000US3606928651,2017,833,20.4,170
NYS,https://factfinder.census.gov/bkmk/table/1.0/en/ACS/17_5YR/DP03/0400000US36|0500000US36069|0600000US3606928640|0600000US3606928651,2010,4656115,10.8,502860
NYS,https://factfinder.census.gov/bkmk/table/1.0/en/ACS/17_5YR/DP03/0400000US36|0500000US36069|0600000US3606928640|0600000US3606928651,2011,4656855,11,512254
NYS,https://factfinder.census.gov/bkmk/table/1.0/en/ACS/17_5YR/DP03/0400000US36|0500000US36069|0600000US3606928640|0600000US3606928651,2012,4646324,11.4,529681
NYS,https://factfinder.census.gov/bkmk/table/1.0/en/ACS/17_5YR/DP03/0400000US36|0500000US36069|0600000US3606928640|0600000US3606928651,2013,4637549,11.7,542593
NYS,https://factfinder.census.gov/bkmk/table/1.0/en/ACS/17_5YR/DP03/0400000US36|0500000US36069|0600000US3606928640|0600000US3606928651,2014,4636017,12,556322
NYS,https://factfinder.census.gov/bkmk/table/1.0/en/ACS/17_5YR/DP03/0400000US36|0500000US36069|0600000US3606928640|0600000US3606928651,2015,4625960,12,555115
NYS,https://factfinder.census.gov/bkmk/table/1.0/en/ACS/17_5YR/DP03/0400000US36|0500000US36069|0600000US3606928640|0600000US3606928651,2016,4611982,11.7,539602
NYS,https://factfinder.census.gov/bkmk/table/1.0/en/ACS/17_5YR/DP03/0400000US36|0500000US36069|0600000US3606928640|0600000US3606928651,2017,4633030,11.3,523532
Ontario,https://factfinder.census.gov/bkmk/table/1.0/en/ACS/17_5YR/DP03/0400000US36|0500000US36069|0600000US3606928640|0600000US3606928651,2017,28546,6.3,1798
Ontario,https://factfinder.census.gov/bkmk/table/1.0/en/ACS/17_5YR/DP03/0400000US36|0500000US36069|0600000US3606928640|0600000US3606928651,2016,28569,6.7,1914
Ontario,https://factfinder.census.gov/bkmk/table/1.0/en/ACS/17_5YR/DP03/0400000US36|0500000US36069|0600000US3606928640|0600000US3606928651,2015,28929,6.5,1880
Ontario,https://factfinder.census.gov/bkmk/table/1.0/en/ACS/17_5YR/DP03/0400000US36|0500000US36069|0600000US3606928640|0600000US3606928651,2014,28633,6.6,1890
Ontario,https://factfinder.census.gov/bkmk/table/1.0/en/ACS/17_5YR/DP03/0400000US36|0500000US36069|0600000US3606928640|0600000US3606928651,2013,28864,6,1732
Ontario,https://factfinder.census.gov/bkmk/table/1.0/en/ACS/17_5YR/DP03/0400000US36|0500000US36069|0600000US3606928640|0600000US3606928651,2012,28595,6.3,1801
Ontario,https://factfinder.census.gov/bkmk/table/1.0/en/ACS/17_5YR/DP03/0400000US36|0500000US36069|0600000US3606928640|0600000US3606928651,2011,28405,6.2,1761
Ontario,https://factfinder.census.gov/bkmk/table/1.0/en/ACS/17_5YR/DP03/0400000US36|0500000US36069|0600000US3606928640|0600000US3606928651,2010,28292,5.8,1641
Ontario wo G+T,Data above,2014,25164,5.6,1415
Ontario wo Gcity,Data above,2014,26150,5.6,1460
Ontario wo GCSD,Data above,2010,24429,4.9,1193
Ontario wo GCSD,Data above,2011,24562,5.2,1277
Ontario wo GCSD,Data above,2012,24878,5.1,1281
Ontario wo GCSD,Data above,2013,25038,4.9,1231
Ontario wo GCSD,Data above,2014,24801,5.6,1392
Ontario wo GCSD,Data above,2015,25244,5.5,1394
Ontario wo GCSD,Data above,2016,24863,5.5,1358
Ontario wo GCSD,Data above,2017,24922,5,1251
Geneva,https://factfinder.census.gov/bkmk/table/1.0/en/ACS/17_5YR/DP03/0400000US36|0500000US36069|0600000US3606928640|0600000US3606928651,2017,2490,14.4,359
Geneva,https://factfinder.census.gov/bkmk/table/1.0/en/ACS/17_5YR/DP03/0400000US36|0500000US36069|0600000US3606928640|0600000US3606928651,2016,2471,15.8,390
Geneva,https://factfinder.census.gov/bkmk/table/1.0/en/ACS/17_5YR/DP03/0400000US36|0500000US36069|0600000US3606928640|0600000US3606928651,2015,2393,16.1,385
Geneva,https://factfinder.census.gov/bkmk/table/1.0/en/ACS/17_5YR/DP03/0400000US36|0500000US36069|0600000US3606928640|0600000US3606928651,2014,2483,17.3,430
Geneva,https://factfinder.census.gov/bkmk/table/1.0/en/ACS/17_5YR/DP03/0400000US36|0500000US36069|0600000US3606928640|0600000US3606928651,2013,2459,16.8,413
Geneva,https://factfinder.census.gov/bkmk/table/1.0/en/ACS/17_5YR/DP03/0400000US36|0500000US36069|0600000US3606928640|0600000US3606928651,2012,2373,19.8,470
Geneva,https://factfinder.census.gov/bkmk/table/1.0/en/ACS/17_5YR/DP03/0400000US36|0500000US36069|0600000US3606928640|0600000US3606928651,2011,2482,18.4,457
Geneva,https://factfinder.census.gov/bkmk/table/1.0/en/ACS/17_5YR/DP03/0400000US36|0500000US36069|0600000US3606928640|0600000US3606928651,2010,2636,15.8,416
Ontario wo Geneva,Data above,2017,26056,5.5,1439
Ontario wo Geneva,Data above,2016,26098,5.8,1524
Ontario wo Geneva,Data above,2015,26536,5.6,1495
Ontario wo Geneva,Data above,2014,26150,5.6,1460
Ontario wo Geneva,Data above,2013,26405,5,1319
Ontario wo Geneva,Data above,2012,26222,5.1,1331
Ontario wo Geneva,Data above,2011,25923,5,1304
Ontario wo Geneva,Data above,2010,25656,4.8,1225
Geneva,https://data.census.gov/cedsci/table?q=&d=ACS%205-Year%20Estimates%20Data%20Profiles&table=DP03&tid=ACSDP5Y2018.DP03&g=0400000US36_1600000US3628640&lastDisplayedRow=112&hidePreview=true&moe=false,2018,2428,16.4,398
Ontario,https://data.census.gov/cedsci/table?q=&d=ACS%205-Year%20Estimates%20Data%20Profiles&table=DP03&tid=ACSDP5Y2018.DP03&g=0400000US36_0500000US36069&lastDisplayedRow=144&hidePreview=true&moe=false,2018,28051,6.6,1851
Ontario wo Geneva,Data above,2018,25623,5.7,1453
NYS,https://data.census.gov/cedsci/table?q=&d=ACS%205-Year%20Estimates%20Data%20Profiles&table=DP03&tid=ACSDP5Y2018.DP03&g=0400000US36_1600000US3628640&lastDisplayedRow=112&hidePreview=true&moe=false,2018,4634204,10.9,505128
Geneva,https://data.census.gov/cedsci/table?g=0400000US36_0500000US36069_1600000US3628640&d=ACS%205-Year%20Estimates%20Data%20Profiles&tid=ACSDP5Y2019.DP03&moe=false&hidePreview=false,2019,2441,14,342
Ontario,https://data.census.gov/cedsci/table?g=0400000US36_0500000US36069_1600000US3628640&d=ACS%205-Year%20Estimates%20Data%20Profiles&tid=ACSDP5Y2019.DP03&moe=false&hidePreview=false,2019,28394,5.7,1618
Ontario wo Geneva,Data above,2019,25953,4.9,1276
NYS,https://data.census.gov/cedsci/table?g=0400000US36_0500000US36069_1600000US3628640&d=ACS%205-Year%20Estimates%20Data%20Profiles&tid=ACSDP5Y2019.DP03&moe=false&hidePreview=false,2019,4632289,10.4,481758
Geneva,https://data.census.gov/cedsci/table?g=0400000US36_0500000US36069_1600000US3628640&d=ACS%205-Year%20Estimates%20Data%20Profiles&tid=ACSDP5Y2020.DP03&moe=false,2020,2496,11.4,285
Ontario,https://data.census.gov/cedsci/table?g=0400000US36_0500000US36069_1600000US3628640&d=ACS%205-Year%20Estimates%20Data%20Profiles&tid=ACSDP5Y2020.DP03&moe=false,2020,29061,5.3,1540
Ontario wo Geneva,Data above,2020,26565,4.7,1255
NYS,https://data.census.gov/cedsci/table?g=0400000US36_0500000US36069_1600000US3628640&d=ACS%205-Year%20Estimates%20Data%20Profiles&tid=ACSDP5Y2020.DP03&moe=false,2020,4670153,10,467015
Geneva,https://data.census.gov/table?g=0400000US36_0500000US36069_1600000US3628640&d=ACS+5-Year+Estimates+Data+Profiles&tid=ACSDP5Y2021.DP03,2021,2350,12.5,294
Ontario,https://data.census.gov/table?g=0400000US36_0500000US36069_1600000US3628640&d=ACS+5-Year+Estimates+Data+Profiles&tid=ACSDP5Y2021.DP03,2021,29353,5.2,1526
Ontario wo Geneva,,2021,27003,4.6,1232
NYS,https://data.census.gov/table?g=0400000US36_0500000US36069_1600000US3628640&d=ACS+5-Year+Estimates+Data+Profiles&tid=ACSDP5Y2021.DP03,2021,4722870,9.8,462841
Geneva,https://data.census.gov/table/ACSDP5Y2022.DP03?g=160XX00US3628640_050XX00US36069_040XX00US36&d=ACS%205-Year%20Estimates%20Data%20Profiles&tid=ACSDP5Y2022.DP03,2022,2459,13.1,322
Ontario,https://data.census.gov/table/ACSDP5Y2022.DP03?g=160XX00US3628640_050XX00US36069_040XX00US36&d=ACS%205-Year%20Estimates%20Data%20Profiles&tid=ACSDP5Y2022.DP03,2022,29520,5.1,1506
Ontario wo Geneva,,2022,27061,4.4,1184
NYS,https://data.census.gov/table/ACSDP5Y2022.DP03?g=160XX00US3628640_050XX00US36069_040XX00US36&d=ACS%205-Year%20Estimates%20Data%20Profiles&tid=ACSDP5Y2022.DP03,2022,4735000,9.7,459295
Geneva,https://data.census.gov/table/ACSDP5Y2023.DP03?g=160XX00US3628640_050XX00US36069_040XX00US36&d=ACS%205-Year%20Estimates%20Data%20Profiles,2023,2441,15.2,371
Ontario,https://data.census.gov/table/ACSDP5Y2023.DP03?g=160XX00US3628640_050XX00US36069_040XX00US36&d=ACS%205-Year%20Estimates%20Data%20Profiles,2023,29457,4.9,1443
Ontario wo Geneva,,2023,27016,4,1072
NYS,https://data.census.gov/table/ACSDP5Y2023.DP03?g=160XX00US3628640_050XX00US36069_040XX00US36&d=ACS%205-Year%20Estimates%20Data%20Profiles,2023,4739175,9.8,464439