District,County,ELA rank,% proficient ELA,Math rank,% proficient math
BRONXVILLE UFSD,Westchester,1,89%,1,88%
JERICHO UFSD,Nassau,2,88%,2,87%
SCARSDALE UFSD,Westchester,3,85%,2,87%
EAST WILLISTON UFSD,Nassau,4,83%,2,87%
HERRICKS UFSD,Nassau,4,83%,5,85%
CHAPPAQUA CSD,Westchester,6,82%,N/A,N/A
MANHASSET UFSD,Nassau,6,82%,7,82%
RYE CITY SD,Westchester,6,82%,10,80%
EDGEMONT UFSD,Westchester,9,81%,N/A,N/A
HASTINGS-ON-HUDSON UFSD,Westchester,9,81%,N/A,N/A
BRIARCLIFF MANOR UFSD,Westchester,9,81%,12,79%
GREAT NECK UFSD,Nassau,12,80%,9,81%
BYRAM HILLS CSD,Westchester,13,79%,7,82%
COLD SPRING HARBOR CSD,Suffolk,13,79%,14,78%
BLIND BROOK-RYE UFSD,Westchester,15,78%,N/A,N/A
NORTH SHORE CSD,Nassau,15,78%,5,85%
QUOGUE UFSD,Suffolk,15,78%,24,73%
SYOSSET CSD,Nassau,18,77%,N/A,N/A
IRVINGTON UFSD,Westchester,19,76%,15,77%
KATONAH-LEWISBORO UFSD,Westchester,20,75%,34,69%
PELHAM UFSD,Westchester,20,75%,40,68%
GARDEN CITY UFSD,Nassau,22,74%,10,80%
ROSLYN UFSD,Nassau,22,74%,12,79%
ARDSLEY UFSD,Westchester,22,74%,34,69%
GARRISON UFSD,Putnam,25,73%,N/A,N/A
FAYETTEVILLE-MANLIUS CSD,Onondaga,25,73%,15,77%
AMAGANSETT UFSD,Suffolk,25,73%,27,71%
PITTSFORD CSD,Monroe,28,72%,N/A,N/A
PLAINVIEW-OLD BETHPAGE CSD,Nassau,28,72%,N/A,N/A
HONEOYE FALLS-LIMA CSD,Monroe,28,72%,40,68%
WILLIAMSVILLE CSD,Erie,31,71%,63,62%
GREENWOOD LAKE UFSD,Orange,32,70%,20,75%
NEW HYDE PARK-GARDEN CITY PARK UFSD,Nassau,32,70%,22,74%
BETHPAGE UFSD,Nassau,32,70%,27,71%
DOBBS FERRY UFSD,Westchester,32,70%,27,71%
CLARENCE CSD,Erie,32,70%,40,68%
HEWLETT-WOODMERE UFSD,Nassau,32,70%,63,62%
LAKE PLEASANT CSD,Hamilton,32,70%,233,41%
RYE NECK UFSD,Westchester,39,69%,20,75%
MAMARONECK UFSD,Westchester,39,69%,27,71%
PLEASANTVILLE UFSD,Westchester,39,69%,34,69%
SKANEATELES CSD,Onondaga,39,69%,50,66%
CROTON-HARMON UFSD,Westchester,39,69%,53,65%
ROCKVILLE CENTRE UFSD,Nassau,44,68%,N/A,N/A
FLORAL PARK-BELLEROSE UFSD,Nassau,44,68%,31,70%
THREE VILLAGE CSD,Suffolk,44,68%,40,68%
HARBORFIELDS CSD,Suffolk,44,68%,50,66%
VOORHEESVILLE CSD,Albany,44,68%,55,64%
HALDANE CSD,Putnam,44,68%,59,63%
MONTAUK UFSD,Suffolk,44,68%,157,49%
LOCUST VALLEY CSD,Nassau,51,67%,15,77%
MERRICK UFSD,Nassau,51,67%,18,76%
BETHLEHEM CSD,Albany,51,67%,40,68%
PENFIELD CSD,Monroe,51,67%,40,68%
EASTCHESTER UFSD,Westchester,51,67%,47,67%
SHENENDEHOWA CSD,Saratoga,51,67%,50,66%
EAST MEADOW UFSD,Nassau,57,66%,22,74%
PUTNAM VALLEY CSD,Putnam,57,66%,47,67%
POCANTICO HILLS CSD,Westchester,57,66%,63,62%
EAST AURORA UFSD,Erie,57,66%,114,54%
MILLBROOK CSD,Dutchess,61,65%,N/A,N/A
PORT WASHINGTON UFSD,Nassau,61,65%,N/A,N/A
CORNWALL CSD,Orange,61,65%,55,64%
ISLAND TREES UFSD,Nassau,61,65%,59,63%
SEAFORD UFSD,Nassau,61,65%,63,62%
KINGS PARK CSD,Suffolk,66,64%,N/A,N/A
YORKTOWN CSD,Westchester,66,64%,59,63%
NISKAYUNA CSD,Schenectady,66,64%,70,61%
VALLEY STREAM 30 UFSD,Nassau,66,64%,83,58%
ELWOOD UFSD,Suffolk,66,64%,101,56%
PORT JEFFERSON UFSD,Suffolk,71,63%,N/A,N/A
HARRISON CSD,Westchester,71,63%,34,69%
LYNBROOK UFSD,Nassau,71,63%,63,62%
LAKE GEORGE CSD,Warren,71,63%,83,58%
ORCHARD PARK CSD,Erie,71,63%,109,55%
FLORIDA UFSD,Orange,71,63%,145,50%
NORTH MERRICK UFSD,Nassau,77,62%,25,72%
WESTHAMPTON BEACH UFSD,Suffolk,77,62%,31,70%
SEWANHAKA CENTRAL HS DISTRICT,Nassau,77,62%,34,69%
MT PLEASANT CSD,Westchester,77,62%,55,64%
SMITHTOWN CSD,Suffolk,77,62%,63,62%
EAST GREENBUSH CSD,Rensselaer,77,62%,70,61%
SARATOGA SPRINGS CITY SD,Saratoga,77,62%,70,61%
CHAZY UFSD,Clinton,77,62%,83,58%
SAG HARBOR UFSD,Suffolk,77,62%,136,52%
HALF HOLLOW HILLS CSD,Suffolk,86,61%,N/A,N/A
SHOREHAM-WADING RIVER CSD,Suffolk,86,61%,N/A,N/A
BELLMORE-MERRICK CENTRAL HS DISTRICT,Nassau,86,61%,18,76%
JAMESVILLE-DEWITT CSD,Onondaga,86,61%,53,65%
OYSTER BAY-EAST NORWICH CSD,Nassau,86,61%,63,62%
BRIGHTON CSD,Monroe,86,61%,83,58%
FRANKLIN SQUARE UFSD,Nassau,86,61%,94,57%
NEW HARTFORD CSD,Oneida,86,61%,94,57%
PEARL RIVER UFSD,Rockland,86,61%,114,54%
NORTH COLONIE CSD,Albany,95,60%,N/A,N/A
PLAINEDGE UFSD,Nassau,95,60%,N/A,N/A
SCHUYLERVILLE CSD,Saratoga,95,60%,N/A,N/A
BELLMORE UFSD,Nassau,95,60%,25,72%
CARLE PLACE UFSD,Nassau,95,60%,40,68%
SOMERS CSD,Westchester,95,60%,55,64%
BURNT HILLS-BALLSTON LAKE CSD,Saratoga,95,60%,101,56%
RHINEBECK CSD,Dutchess,95,60%,101,56%
SPACKENKILL UFSD,Dutchess,95,60%,101,56%
BABYLON UFSD,Suffolk,95,60%,109,55%
BERNE-KNOX-WESTERLO CSD,Albany,95,60%,145,50%
HAUPPAUGE UFSD,Suffolk,106,59%,N/A,N/A
TUCKAHOE UFSD,Westchester,106,59%,N/A,N/A
LEVITTOWN UFSD,Nassau,106,59%,47,67%
BOLTON CSD,Warren,106,59%,70,61%
NANUET UFSD,Rockland,106,59%,83,58%
HAMILTON CSD,Madison,106,59%,109,55%
KEENE CSD,Essex,106,59%,109,55%
AMHERST CSD,Erie,106,59%,114,54%
SCHODACK CSD,Rensselaer,106,59%,145,50%
LEWISTON-PORTER CSD,Niagara,115,58%,N/A,N/A
CLARKSTOWN CSD,Rockland,115,58%,77,59%
GUILDERLAND CSD,Albany,115,58%,109,55%
WEST IRONDEQUOIT CSD,Monroe,115,58%,114,54%
VESTAL CSD,Broome,115,58%,130,53%
PORTVILLE CSD,Cattaraugus,115,58%,145,50%
CLINTON CSD,Oneida,115,58%,157,49%
EDMESTON CSD,Otsego,115,58%,218,42%
EAST MORICHES UFSD,Suffolk,123,57%,N/A,N/A
QUEENSBURY UFSD,Warren,123,57%,N/A,N/A
MASSAPEQUA UFSD,Nassau,123,57%,34,69%
PEMBROKE CSD,Genesee,123,57%,77,59%
STARPOINT CSD,Niagara,123,57%,94,57%
AKRON CSD,Erie,123,57%,114,54%
KENDALL CSD,Orleans,123,57%,130,53%
CUBA-RUSHFORD CSD,Allegany,123,57%,209,43%
OYSTERPONDS UFSD,Suffolk,123,57%,299,37%
HINSDALE CSD,Cattaraugus,132,56%,N/A,N/A
LAKELAND CSD,Westchester,132,56%,N/A,N/A
MT SINAI UFSD,Suffolk,132,56%,77,59%
WARWICK VALLEY CSD,Orange,132,56%,77,59%
CHAUTAUQUA LAKE CSD,Chautauqua,132,56%,114,54%
NYACK UFSD,Rockland,132,56%,130,53%
POTSDAM CSD,Saint Lawrence,132,56%,139,51%
WINDSOR CSD,Broome,132,56%,174,47%
WANTAGH UFSD,Nassau,140,55%,59,63%
VALLEY STREAM 24 UFSD,Nassau,140,55%,70,61%
MATTITUCK-CUTCHOGUE UFSD,Suffolk,140,55%,75,60%
NORTHPORT-EAST NORTHPORT UFSD,Suffolk,140,55%,75,60%
BAYPORT-BLUE POINT UFSD,Suffolk,140,55%,77,59%
COLTON-PIERREPONT CSD,Saint Lawrence,140,55%,114,54%
VALLEY STREAM 13 UFSD,Nassau,140,55%,114,54%
ELMONT UFSD,Nassau,140,55%,130,53%
BEDFORD CSD,Westchester,140,55%,145,50%
BEMUS POINT CSD,Chautauqua,140,55%,145,50%
EAST QUOGUE UFSD,Suffolk,140,55%,145,50%
EDEN CSD,Erie,140,55%,178,46%
LANSING CSD,Tompkins,140,55%,187,45%
GROTON CSD,Tompkins,140,55%,197,44%
SPRINGS UFSD,Suffolk,140,55%,299,37%
OCEANSIDE UFSD,Nassau,155,54%,31,70%
LONG BEACH CITY SD,Nassau,155,54%,77,59%
BALDWIN UFSD,Nassau,155,54%,83,58%
AVERILL PARK CSD,Rensselaer,155,54%,114,54%
WEST GENESEE CSD,Onondaga,155,54%,114,54%
EASTPORT-SOUTH MANOR CSD,Suffolk,155,54%,136,52%
CALEDONIA-MUMFORD CSD,Livingston,155,54%,145,50%
VALHALLA UFSD,Westchester,155,54%,145,50%
REMSENBURG-SPEONK UFSD,Suffolk,155,54%,157,49%
ALFRED-ALMOND CSD,Allegany,155,54%,164,48%
NORTH SALEM CSD,Westchester,155,54%,164,48%
SAUQUOIT VALLEY CSD,Oneida,155,54%,164,48%
LOWVILLE ACADEMY & CSD,Lewis,155,54%,187,45%
ALDEN CSD,Erie,155,54%,209,43%
MAINE-ENDWELL CSD,Broome,155,54%,209,43%
SHERMAN CSD,Chautauqua,155,54%,250,40%
EAST HAMPTON UFSD,Suffolk,171,53%,N/A,N/A
EAST ROCKAWAY UFSD,Nassau,171,53%,83,58%
NORTH BELLMORE UFSD,Nassau,171,53%,114,54%
WAPPINGERS CSD,Dutchess,171,53%,218,42%
KINDERHOOK CSD,Columbia,171,53%,250,40%
FAIRPORT CSD,Monroe,176,52%,N/A,N/A
ITHACA CITY SD,Tompkins,176,52%,N/A,N/A
LINDENHURST UFSD,Suffolk,176,52%,N/A,N/A
MARCELLUS CSD,Onondaga,176,52%,N/A,N/A
SOUTHERN CAYUGA CSD,Cayuga,176,52%,101,56%
VICTOR CSD,Ontario,176,52%,101,56%
CAZENOVIA CSD,Madison,176,52%,114,54%
LANCASTER CSD,Erie,176,52%,136,52%
FRANKLINVILLE CSD,Cattaraugus,176,52%,157,49%
RED HOOK CSD,Dutchess,176,52%,178,46%
LIVINGSTON MANOR CSD,Sullivan,176,52%,209,43%
WELLS CSD,Hamilton,176,52%,218,42%
LYNDONVILLE CSD,Orleans,176,52%,233,41%
FORT ANN CSD,Washington,176,52%,299,37%
NEW LEBANON CSD,Columbia,176,52%,299,37%
HICKSVILLE UFSD,Nassau,191,51%,N/A,N/A
LA FARGEVILLE CSD,Jefferson,191,51%,N/A,N/A
SOUTH ORANGETOWN CSD,Rockland,191,51%,N/A,N/A
EAST BLOOMFIELD CSD,Ontario,191,51%,83,58%
WEBSTER CSD,Monroe,191,51%,114,54%
RUSH-HENRIETTA CSD,Monroe,191,51%,130,53%
CANASERAGA CSD,Allegany,191,51%,164,48%
DUANESBURG CSD,Schenectady,191,51%,164,48%
SCOTIA-GLENVILLE CSD,Schenectady,191,51%,209,43%
BYRON-BERGEN CSD,Genesee,191,51%,233,41%
FORESTVILLE CSD,Chautauqua,191,51%,250,40%
COMMACK UFSD,Suffolk,202,50%,83,58%
MINEOLA UFSD,Nassau,202,50%,83,58%
FONDA-FULTONVILLE CSD,Montgomery,202,50%,94,57%
MAHOPAC CSD,Putnam,202,50%,187,45%
THOUSAND ISLANDS CSD,Jefferson,202,50%,187,45%
DEER PARK UFSD,Suffolk,202,50%,197,44%
SACKETS HARBOR CSD,Jefferson,202,50%,233,41%
SCHALMONT CSD,Schenectady,202,50%,250,40%
GREENWICH CSD,Washington,202,50%,299,37%
VALLEY STREAM CENTRAL HS DISTRICT,Nassau,211,49%,N/A,N/A
WHEELERVILLE UFSD,Fulton,211,49%,N/A,N/A
WHITESBORO CSD,Oneida,211,49%,N/A,N/A
WESTMORELAND CSD,Oneida,211,49%,94,57%
GRAND ISLAND CSD,Erie,211,49%,101,56%
CHITTENANGO CSD,Madison,211,49%,164,48%
COPENHAGEN CSD,Lewis,211,49%,164,48%
GALWAY CSD,Saratoga,211,49%,178,46%
CAMPBELL-SAVONA CSD,Steuben,211,49%,187,45%
LYME CSD,Jefferson,211,49%,187,45%
SUFFERN CSD,Rockland,211,49%,197,44%
NYC PUBLIC SCHOOLS,NYC,211,49%,250,40%
HEUVELTON CSD,Saint Lawrence,211,49%,263,39%
HUNTER-TANNERSVILLE CSD,Greene,211,49%,281,38%
PAWLING CSD,Dutchess,211,49%,323,35%
SUSQUEHANNA VALLEY CSD,Broome,211,49%,323,35%
BRIDGEHAMPTON UFSD,Suffolk,227,48%,N/A,N/A
WESTFIELD CSD,Chautauqua,227,48%,N/A,N/A
WEST BABYLON UFSD,Suffolk,227,48%,114,54%
NIAGARA-WHEATFIELD CSD,Niagara,227,48%,130,53%
MALVERNE UFSD,Nassau,227,48%,164,48%
STILLWATER CSD,Saratoga,227,48%,174,47%
ALLEGANY-LIMESTONE CSD,Cattaraugus,227,48%,178,46%
BALDWINSVILLE CSD,Onondaga,227,48%,197,44%
NAPLES CSD,Ontario,227,48%,197,44%
NEW PALTZ CSD,Ulster,227,48%,197,44%
LE ROY CSD,Genesee,227,48%,218,42%
PARISHVILLE-HOPKINTON CSD,Saint Lawrence,227,48%,218,42%
GREENBURGH CSD,Westchester,227,48%,323,35%
OAKFIELD-ALABAMA CSD,Genesee,240,47%,N/A,N/A
PANAMA CSD,Chautauqua,240,47%,N/A,N/A
EAST ISLIP UFSD,Suffolk,240,47%,139,51%
WAYNE CSD,Wayne,240,47%,139,51%
BELFAST CSD,Allegany,240,47%,145,50%
WESTHILL CSD,Onondaga,240,47%,145,50%
FILLMORE CSD,Allegany,240,47%,164,48%
UNION SPRINGS CSD,Cayuga,240,47%,187,45%
GENESEO CSD,Livingston,240,47%,197,44%
MASSENA CSD,Saint Lawrence,240,47%,233,41%
MARLBORO CSD,Ulster,240,47%,250,40%
CANISTEO-GREENWOOD CSD,Steuben,240,47%,263,39%
BEACON CITY SD,Dutchess,240,47%,299,37%
ARGYLE CSD,Washington,240,47%,323,35%
MARATHON CSD,Cortland,240,47%,353,33%
SHELTER ISLAND UFSD,Suffolk,240,47%,382,31%
CAMBRIDGE CSD,Washington,256,46%,N/A,N/A
FRONTIER CSD,Erie,256,46%,N/A,N/A
HARRISVILLE CSD,Lewis,256,46%,N/A,N/A
MAYFIELD CSD,Fulton,256,46%,N/A,N/A
REMSEN CSD,Oneida,256,46%,N/A,N/A
SCIO CSD,Allegany,256,46%,N/A,N/A
IROQUOIS CSD,Erie,256,46%,101,56%
HENDRICK HUDSON CSD,Westchester,256,46%,114,54%
HAMMONDSPORT CSD,Steuben,256,46%,139,51%
SOUTH COLONIE CSD,Albany,256,46%,157,49%
CHURCHVILLE-CHILI CSD,Monroe,256,46%,178,46%
YORKSHIRE-PIONEER CSD,Cattaraugus,256,46%,178,46%
ISLAND PARK UFSD,Nassau,256,46%,187,45%
CANANDAIGUA CITY SD,Ontario,256,46%,197,44%
OWEGO-APALACHIN CSD,Tioga,256,46%,197,44%
CLYMER CSD,Chautauqua,256,46%,263,39%
SOUTH LEWIS CSD,Lewis,256,46%,281,38%
MORRISTOWN CSD,Saint Lawrence,256,46%,353,33%
HOLLAND PATENT CSD,Oneida,256,46%,367,32%
ELMSFORD UFSD,Westchester,256,46%,388,30%
BRADFORD CSD,Steuben,276,45%,N/A,N/A
CORNING CITY SD,Steuben,276,45%,N/A,N/A
LAWRENCE UFSD,Nassau,276,45%,N/A,N/A
TIOGA CSD,Tioga,276,45%,N/A,N/A
WATERFORD-HALFMOON UFSD,Saratoga,276,45%,N/A,N/A
WEST ISLIP UFSD,Suffolk,276,45%,83,58%
ALEXANDRIA CSD,Jefferson,276,45%,164,48%
WYNANTSKILL UFSD,Rensselaer,276,45%,174,47%
FARMINGDALE UFSD,Nassau,276,45%,178,46%
HILTON CSD,Monroe,276,45%,178,46%
TRUMANSBURG CSD,Tompkins,276,45%,209,43%
CHESTER UFSD,Orange,276,45%,218,42%
RANDOLPH CSD,Cattaraugus,276,45%,218,42%
MENANDS UFSD,Albany,276,45%,233,41%
NY MILLS UFSD,Oneida,276,45%,233,41%
GLENS FALLS CITY SD,Warren,276,45%,281,38%
ONTEORA CSD,Ulster,276,45%,323,35%
SOUTHOLD UFSD,Suffolk,276,45%,323,35%
CHENANGO VALLEY CSD,Broome,276,45%,353,33%
LAKE PLACID CSD,Essex,276,45%,353,33%
GOSHEN CSD,Orange,276,45%,367,32%
TACONIC HILLS CSD,Columbia,276,45%,367,32%
HANCOCK CSD,Delaware,298,44%,N/A,N/A
MECHANICVILLE CITY SD,Saratoga,298,44%,N/A,N/A
NORTH WARREN CSD,Warren,298,44%,N/A,N/A
TOWN OF WEBB UFSD,Herkimer,298,44%,N/A,N/A
ELLICOTTVILLE CSD,Cattaraugus,298,44%,94,57%
NEW ROCHELLE CITY SD,Westchester,298,44%,197,44%
WHITE PLAINS CITY SD,Westchester,298,44%,218,42%
HIGHLAND FALLS CSD,Orange,298,44%,233,41%
JASPER-TROUPSBURG CSD,Steuben,298,44%,233,41%
SWEET HOME CSD,Erie,298,44%,250,40%
WEST HEMPSTEAD UFSD,Nassau,298,44%,250,40%
HIGHLAND CSD,Ulster,298,44%,281,38%
MORRISVILLE-EATON CSD,Madison,298,44%,281,38%
YORK CSD,Livingston,298,44%,313,36%
ALEXANDER CSD,Genesee,298,44%,323,35%
SAYVILLE UFSD,Suffolk,313,43%,N/A,N/A
BALLSTON SPA CSD,Saratoga,313,43%,157,49%
CENTER MORICHES UFSD,Suffolk,313,43%,174,47%
FREWSBURG CSD,Chautauqua,313,43%,197,44%
LIVERPOOL CSD,Onondaga,313,43%,218,42%
SOUTH GLENS FALLS CSD,Saratoga,313,43%,263,39%
WALLKILL CSD,Ulster,313,43%,263,39%
PRATTSBURGH CSD,Steuben,313,43%,281,38%
CHENANGO FORKS CSD,Broome,313,43%,313,36%
JORDAN-ELBRIDGE CSD,Onondaga,313,43%,313,36%
SARANAC LAKE CSD,Franklin,313,43%,343,34%
OGDENSBURG CITY SD,Saint Lawrence,313,43%,414,28%
PINE BUSH CSD,Orange,313,43%,414,28%
HUNTINGTON UFSD,Suffolk,326,42%,N/A,N/A
MCGRAW CSD,Cortland,326,42%,N/A,N/A
MIDDLEBURGH CSD,Schoharie,326,42%,N/A,N/A
SALEM CSD,Washington,326,42%,N/A,N/A
CONNETQUOT CSD,Suffolk,326,42%,114,54%
WINDHAM-ASHLAND-JEWETT CSD,Greene,326,42%,139,51%
NORTHEASTERN CLINTON CSD,Clinton,326,42%,145,50%
WEEDSPORT CSD,Cayuga,326,42%,157,49%
LIVONIA CSD,Livingston,326,42%,209,43%
RICHFIELD SPRINGS CSD,Otsego,326,42%,218,42%
TULLY CSD,Onondaga,326,42%,218,42%
ARKPORT CSD,Steuben,326,42%,233,41%
BARKER CSD,Niagara,326,42%,233,41%
HAMBURG CSD,Erie,326,42%,233,41%
EAST SYRACUSE MINOA CSD,Onondaga,326,42%,250,40%
HORSEHEADS CSD,Chemung,326,42%,250,40%
ELDRED CSD,Sullivan,326,42%,263,39%
GERMANTOWN CSD,Columbia,326,42%,263,39%
JOHNSTOWN CITY SD,Fulton,326,42%,299,37%
MINISINK VALLEY CSD,Orange,326,42%,313,36%
ROTTERDAM-MOHONASEN CSD,Schenectady,326,42%,323,35%
ODESSA-MONTOUR CSD,Schuyler,326,42%,367,32%
PORT JERVIS CITY SD,Orange,326,42%,367,32%
WHEATLAND-CHILI CSD,Monroe,326,42%,367,32%
FORT PLAIN CSD,Montgomery,326,42%,396,29%
BOQUET VALLEY CSD,Essex,326,42%,414,28%
SHARON SPRINGS CSD,Schoharie,326,42%,480,22%
FRANKLIN CSD,Delaware,326,42%,511,18%
CHARLOTTE VALLEY CSD,Delaware,354,41%,N/A,N/A
FORT EDWARD UFSD,Washington,354,41%,N/A,N/A
MADRID-WADDINGTON CSD,Saint Lawrence,354,41%,N/A,N/A
WYOMING CSD,Wyoming,354,41%,N/A,N/A
AVON CSD,Livingston,354,41%,209,43%
HOMER CSD,Cortland,354,41%,218,42%
NEWFANE CSD,Niagara,354,41%,233,41%
WATERVILLE CSD,Oneida,354,41%,233,41%
CENTRAL SQUARE CSD,Oswego,354,41%,263,39%
PENN YAN CSD,Yates,354,41%,263,39%
ARLINGTON CSD,Dutchess,354,41%,281,38%
FREEPORT UFSD,Nassau,354,41%,281,38%
MARION CSD,Wayne,354,41%,281,38%
WEST SENECA CSD,Erie,354,41%,281,38%
NORTH TONAWANDA CITY SD,Niagara,354,41%,313,36%
DEPOSIT CSD,Broome,354,41%,353,33%
GENERAL BROWN CSD,Jefferson,354,41%,388,30%
CANAJOHARIE CSD,Montgomery,354,41%,396,29%
JOHNSBURG CSD,Warren,354,41%,496,21%
CANTON CSD,Saint Lawrence,373,40%,N/A,N/A
CATO-MERIDIAN CSD,Cayuga,373,40%,N/A,N/A
FREDONIA CSD,Chautauqua,373,40%,N/A,N/A
MORAVIA CSD,Cayuga,373,40%,N/A,N/A
ROXBURY CSD,Delaware,373,40%,N/A,N/A
ATTICA CSD,Wyoming,373,40%,178,46%
SACHEM CSD,Suffolk,373,40%,187,45%
SPRINGVILLE-GRIFFITH INST CSD,Erie,373,40%,187,45%
MORRIS CSD,Otsego,373,40%,209,43%
SHERRILL CITY SD,Oneida,373,40%,250,40%
HOLLAND CSD,Erie,373,40%,263,39%
ONONDAGA CSD,Onondaga,373,40%,263,39%
WEST CANADA VALLEY CSD,Herkimer,373,40%,281,38%
CARMEL CSD,Putnam,373,40%,299,37%
WILSON CSD,Niagara,373,40%,313,36%
CARTHAGE CSD,Jefferson,373,40%,353,33%
WASHINGTONVILLE CSD,Orange,373,40%,353,33%
ONEONTA CITY SD,Otsego,373,40%,367,32%
HYDE PARK CSD,Dutchess,373,40%,382,31%
UNION-ENDICOTT CSD,Broome,373,40%,382,31%
DOVER UFSD,Dutchess,373,40%,414,28%
COHOES CITY SD,Albany,373,40%,472,23%
LISBON CSD,Saint Lawrence,395,39%,N/A,N/A
MARGARETVILLE CSD,Delaware,395,39%,N/A,N/A
MT VERNON SCHOOL DISTRICT,Westchester,395,39%,N/A,N/A
ORISKANY CSD,Oneida,395,39%,N/A,N/A
POLAND CSD,Herkimer,395,39%,N/A,N/A
SAUGERTIES CSD,Ulster,395,39%,N/A,N/A
MILLER PLACE UFSD,Suffolk,395,39%,139,51%
WILLIAMSON CSD,Wayne,395,39%,233,41%
CLEVELAND HILL UFSD,Erie,395,39%,263,39%
HADLEY-LUZERNE CSD,Warren,395,39%,281,38%
HOOSIC VALLEY CSD,Rensselaer,395,39%,281,38%
FABIUS-POMPEY CSD,Onondaga,395,39%,299,37%
MONROE-WOODBURY CSD,Orange,395,39%,299,37%
BATAVIA CITY SD,Genesee,395,39%,323,35%
RED CREEK CSD,Wayne,395,39%,367,32%
WHITNEY POINT CSD,Broome,395,39%,382,31%
YONKERS CITY SD,Westchester,395,39%,388,30%
BELLEVILLE-HENDERSON CSD,Jefferson,395,39%,396,29%
ROYALTON-HARTLAND CSD,Niagara,395,39%,396,29%
WARSAW CSD,Wyoming,395,39%,414,28%
CORINTH CSD,Saratoga,415,38%,N/A,N/A
HOLLEY CSD,Orleans,415,38%,N/A,N/A
NORTHVILLE CSD,Fulton,415,38%,N/A,N/A
PAVILION CSD,Genesee,415,38%,N/A,N/A
BRASHER FALLS CSD,Saint Lawrence,415,38%,218,42%
SPENCERPORT CSD,Monroe,415,38%,218,42%
INDIAN RIVER CSD,Jefferson,415,38%,313,36%
ADIRONDACK CSD,Oneida,415,38%,323,35%
SOUTH HUNTINGTON UFSD,Suffolk,415,38%,323,35%
SULLIVAN WEST CSD,Sullivan,415,38%,343,34%
STOCKBRIDGE VALLEY CSD,Madison,415,38%,353,33%
CASSADAGA VALLEY CSD,Chautauqua,415,38%,414,28%
FRIENDSHIP CSD,Allegany,415,38%,432,27%
AUSABLE VALLEY CSD,Clinton,415,38%,439,26%
MIDDLE COUNTRY CSD,Suffolk,429,37%,N/A,N/A
SOUTH JEFFERSON CSD,Jefferson,429,37%,N/A,N/A
ISLIP UFSD,Suffolk,429,37%,197,44%
RAVENA-COEYMANS-SELKIRK CSD,Albany,429,37%,263,39%
TONAWANDA CITY SD,Erie,429,37%,263,39%
GREENE CSD,Chenango,429,37%,281,38%
BERLIN CSD,Rensselaer,429,37%,313,36%
TRI-VALLEY CSD,Sullivan,429,37%,323,35%
BAY SHORE UFSD,Suffolk,429,37%,343,34%
BEEKMANTOWN CSD,Clinton,429,37%,343,34%
BROCKPORT CSD,Monroe,429,37%,343,34%
CHEEKTOWAGA-MARYVALE UFSD,Erie,429,37%,343,34%
SPENCER-VAN ETTEN CSD,Tioga,429,37%,343,34%
UNIONDALE UFSD,Nassau,429,37%,343,34%
WATKINS GLEN CSD,Schuyler,429,37%,414,28%
SIDNEY CSD,Delaware,429,37%,432,27%
PLATTSBURGH CITY SD,Clinton,429,37%,463,24%
MEDINA CSD,Orleans,429,37%,480,22%
LOCKPORT CITY SD,Niagara,447,36%,N/A,N/A
MORIAH CSD,Essex,447,36%,N/A,N/A
OXFORD ACADEMY & CSD,Chenango,447,36%,N/A,N/A
COOPERSTOWN CSD,Otsego,447,36%,94,57%
EAST ROCHESTER UFSD,Monroe,447,36%,233,41%
COBLESKILL-RICHMONDVILLE CSD,Schoharie,447,36%,281,38%
ROCKY POINT UFSD,Suffolk,447,36%,281,38%
GLEN COVE CITY SD,Nassau,447,36%,299,37%
LONGWOOD CSD,Suffolk,447,36%,313,36%
NORTH SYRACUSE CSD,Onondaga,447,36%,323,35%
NORTH COLLINS CSD,Erie,447,36%,353,33%
HAMMOND CSD,Saint Lawrence,447,36%,367,32%
WESTBURY UFSD,Nassau,447,36%,367,32%
NORTHERN ADIRONDACK CSD,Clinton,447,36%,396,29%
CAMDEN CSD,Oneida,447,36%,432,27%
BAINBRIDGE-GUILFORD CSD,Chenango,447,36%,439,26%
OSSINING UFSD,Westchester,447,36%,439,26%
GANANDA CSD,Wayne,464,35%,N/A,N/A
WILLSBORO CSD,Essex,464,35%,N/A,N/A
BROADALBIN-PERTH CSD,Fulton,464,35%,250,40%
CATTARAUGUS-LITTLE VALLEY CSD,Cattaraugus,464,35%,281,38%
GATES CHILI CSD,Monroe,464,35%,353,33%
KENMORE-TONAWANDA UFSD,Erie,464,35%,353,33%
SENECA FALLS CSD,Seneca,464,35%,382,31%
WAVERLY CSD,Tioga,464,35%,388,30%
CINCINNATUS CSD,Cortland,464,35%,414,28%
WELLSVILLE CSD,Allegany,464,35%,414,28%
CAIRO-DURHAM CSD,Greene,464,35%,439,26%
RONDOUT VALLEY CSD,Ulster,464,35%,452,25%
HARTFORD CSD,Washington,476,34%,218,42%
WILLIAM FLOYD UFSD,Suffolk,476,34%,233,41%
GENESEE VALLEY CSD,Allegany,476,34%,250,40%
PINE PLAINS CSD,Dutchess,476,34%,263,39%
BOLIVAR-RICHBURG CSD,Allegany,476,34%,281,38%
BREWSTER CSD,Putnam,476,34%,299,37%
ELBA CSD,Genesee,476,34%,299,37%
SILVER CREEK CSD,Chautauqua,476,34%,323,35%
PERU CSD,Clinton,476,34%,367,32%
WAYLAND-COHOCTON CSD,Steuben,476,34%,367,32%
HUDSON FALLS CSD,Washington,476,34%,382,31%
MOUNT MARKHAM CSD,Herkimer,476,34%,388,30%
SARANAC CSD,Clinton,476,34%,388,30%
CATSKILL CSD,Greene,476,34%,396,29%
COXSACKIE-ATHENS CSD,Greene,476,34%,396,29%
GRANVILLE CSD,Washington,476,34%,396,29%
BEAVER RIVER CSD,Lewis,476,34%,414,28%
FALCONER CSD,Chautauqua,476,34%,414,28%
SOUTHAMPTON UFSD,Suffolk,476,34%,432,27%
SCHROON LAKE CSD,Essex,476,34%,439,26%
RIPLEY CSD,Chautauqua,476,34%,452,25%
WEST VALLEY CSD,Cattaraugus,476,34%,480,22%
CLIFTON-FINE CSD,Saint Lawrence,476,34%,503,20%
ANDOVER CSD,Allegany,499,33%,N/A,N/A
DOWNSVILLE CSD,Delaware,499,33%,N/A,N/A
INDIAN LAKE CSD,Hamilton,499,33%,263,39%
CHATHAM CSD,Columbia,499,33%,313,36%
DERUYTER CSD,Madison,499,33%,343,34%
ROMULUS CSD,Seneca,499,33%,343,34%
ELMIRA HEIGHTS CSD,Chemung,499,33%,353,33%
OLEAN CITY SD,Cattaraugus,499,33%,367,32%
ALBION CSD,Orleans,499,33%,396,29%
GOWANDA CSD,Cattaraugus,499,33%,396,29%
KINGSTON CITY SD,Ulster,499,33%,439,26%
NEWBURGH CITY SD,Orange,499,33%,439,26%
MIDDLETOWN CITY SD,Orange,499,33%,452,25%
JEFFERSON CSD,Schoharie,499,33%,463,24%
CHATEAUGAY CSD,Franklin,499,33%,496,21%
WHITEHALL CSD,Washington,499,33%,516,17%
CHEEKTOWAGA-SLOAN UFSD,Erie,515,32%,N/A,N/A
LAURENS CSD,Otsego,515,32%,N/A,N/A
PORT BYRON CSD,Cayuga,515,32%,N/A,N/A
VAN HORNESVILLE-OWEN D YOUNG CSD,Herkimer,515,32%,N/A,N/A
DANSVILLE CSD,Livingston,515,32%,323,35%
HONEOYE CSD,Ontario,515,32%,323,35%
NORTH BABYLON UFSD,Suffolk,515,32%,323,35%
BROOKHAVEN-COMSEWOGUE UFSD,Suffolk,515,32%,353,33%
OTEGO-UNADILLA CSD,Otsego,515,32%,388,30%
WHITESVILLE CSD,Allegany,515,32%,396,29%
CORTLAND CITY SD,Cortland,515,32%,414,28%
LYNCOURT UFSD,Onondaga,515,32%,414,28%
LITTLE FALLS CITY SD,Herkimer,515,32%,439,26%
OSWEGO CITY SD,Oswego,515,32%,439,26%
SANDY CREEK CSD,Oswego,515,32%,439,26%
CROWN POINT CSD,Essex,515,32%,452,25%
WATERTOWN CITY SD,Jefferson,515,32%,452,25%
SCHOHARIE CSD,Schoharie,515,32%,463,24%
SHERBURNE-EARLVILLE CSD,Chenango,515,32%,472,23%
HERMON-DEKALB CSD,Saint Lawrence,515,32%,496,21%
NORWOOD-NORFOLK CSD,Saint Lawrence,515,32%,496,21%
HOOSICK FALLS CSD,Rensselaer,536,31%,N/A,N/A
PERRY CSD,Wyoming,536,31%,367,32%
GREECE CSD,Monroe,536,31%,396,29%
COPIAGUE UFSD,Suffolk,536,31%,414,28%
HERKIMER CSD,Herkimer,536,31%,414,28%
JAMESTOWN CITY SD,Chautauqua,536,31%,452,25%
NEWARK VALLEY CSD,Tioga,536,31%,452,25%
PORT CHESTER-RYE UFSD,Westchester,536,31%,452,25%
WARRENSBURG CSD,Warren,536,31%,463,24%
FULTON CITY SD,Oswego,536,31%,480,22%
HORNELL CITY SD,Steuben,536,31%,480,22%
JOHNSON CITY CSD,Broome,536,31%,480,22%
ST REGIS FALLS CSD,Franklin,536,31%,511,18%
LAFAYETTE CSD,Onondaga,549,30%,N/A,N/A
ROOSEVELT UFSD,Nassau,549,30%,N/A,N/A
TROY CITY SD,Rensselaer,549,30%,N/A,N/A
HAMPTON BAYS UFSD,Suffolk,549,30%,299,37%
LETCHWORTH CSD,Wyoming,549,30%,323,35%
SODUS CSD,Wayne,549,30%,396,29%
FRANKFORT-SCHUYLER CSD,Herkimer,549,30%,439,26%
EDWARDS-KNOX CSD,Saint Lawrence,549,30%,508,19%
HUDSON CITY SD,Columbia,549,30%,516,17%
MT MORRIS CSD,Livingston,558,29%,N/A,N/A
PULASKI CSD,Oswego,558,29%,263,39%
DRYDEN CSD,Tompkins,558,29%,353,33%
BATH CSD,Steuben,558,29%,367,32%
EAST IRONDEQUOIT CSD,Monroe,558,29%,396,29%
CHERRY VALLEY-SPRINGFIELD CSD,Otsego,558,29%,414,28%
PALMYRA-MACEDON CSD,Wayne,558,29%,432,27%
PATCHOGUE-MEDFORD UFSD,Suffolk,558,29%,439,26%
DUNDEE CSD,Yates,558,29%,452,25%
UTICA CITY SD,Oneida,558,29%,452,25%
NEWARK CSD,Wayne,558,29%,503,20%
GOUVERNEUR CSD,Saint Lawrence,558,29%,511,18%
WYANDANCH UFSD,Suffolk,558,29%,511,18%
ONEIDA CITY SD,Madison,571,28%,N/A,N/A
PHOENIX CSD,Oswego,571,28%,263,39%
GREENVILLE CSD,Greene,571,28%,323,35%
TICONDEROGA CSD,Essex,571,28%,396,29%
BRUSHTON-MOIRA CSD,Franklin,571,28%,463,24%
NORWICH CITY SD,Chenango,571,28%,463,24%
AVOCA CSD,Steuben,571,28%,472,23%
ROSCOE CSD,Sullivan,571,28%,472,23%
WALTON CSD,Delaware,571,28%,472,23%
CENTRAL ISLIP UFSD,Suffolk,571,28%,480,22%
PHELPS-CLIFTON SPRINGS CSD,Ontario,571,28%,480,22%
RIVERHEAD CSD,Suffolk,571,28%,480,22%
AFTON CSD,Chenango,583,27%,N/A,N/A
DUNKIRK CITY SD,Chautauqua,583,27%,N/A,N/A
HEMPSTEAD UFSD,Nassau,583,27%,N/A,N/A
DEPEW UFSD,Erie,583,27%,323,35%
MEXICO CSD,Oswego,583,27%,396,29%
HANNIBAL CSD,Oswego,583,27%,472,23%
ALBANY CITY SD,Albany,583,27%,496,21%
LIBERTY CSD,Sullivan,583,27%,521,16%
AUBURN CITY SD,Cayuga,591,26%,414,28%
NORTHEAST CSD,Dutchess,591,26%,432,27%
SOUTH COUNTRY CSD,Suffolk,591,26%,432,27%
SOLVAY UFSD,Onondaga,591,26%,439,26%
BRENTWOOD UFSD,Suffolk,591,26%,480,22%
NIAGARA FALLS CITY SD,Niagara,591,26%,480,22%
PEEKSKILL CITY SD,Westchester,591,26%,480,22%
NORTH ROSE-WOLCOTT CSD,Wayne,591,26%,508,19%
ADDISON CSD,Steuben,591,26%,511,18%
WATERVLIET CITY SD,Albany,591,26%,521,16%
RENSSELAER CITY SD,Rensselaer,591,26%,528,14%
CANDOR CSD,Tioga,602,25%,388,30%
CANASTOTA CSD,Madison,602,25%,396,29%
ELLENVILLE CSD,Ulster,602,25%,503,20%
OTSELIC VALLEY CSD,Chenango,602,25%,516,17%
MONTICELLO CSD,Sullivan,602,25%,526,15%
SALMON RIVER CSD,Franklin,602,25%,535,12%
BINGHAMTON CITY SD,Broome,608,24%,N/A,N/A
SOUTH KORTRIGHT CSD,Delaware,608,24%,463,24%
GILBERTSVILLE-MOUNT UPTON CSD,Otsego,608,24%,480,22%
BUFFALO CITY SD,Erie,608,24%,521,16%
CHEEKTOWAGA CSD,Erie,608,24%,528,14%
GLOVERSVILLE CITY SD,Fulton,608,24%,533,13%
ALTMAR-PARISH-WILLIAMSTOWN CSD,Oswego,614,23%,N/A,N/A
GENEVA CITY SD,Ontario,614,23%,N/A,N/A
WATERLOO CSD,Seneca,614,23%,396,29%
AMITYVILLE UFSD,Suffolk,614,23%,472,23%
GREENPORT UFSD,Suffolk,614,23%,472,23%
BROOKFIELD CSD,Madison,614,23%,480,22%
SALAMANCA CITY SD,Cattaraugus,614,23%,480,22%
ROME CITY SD,Oneida,614,23%,496,21%
TUPPER LAKE CSD,Franklin,614,23%,516,17%
BROCTON CSD,Chautauqua,614,23%,521,16%
MADISON CSD,Madison,624,22%,N/A,N/A
ELMIRA CITY SD,Chemung,624,22%,516,17%
AMSTERDAM CITY SD,Montgomery,624,22%,528,14%
LANSINGBURGH CSD,Rensselaer,624,22%,528,14%
LYONS CSD,Wayne,624,22%,528,14%
POUGHKEEPSIE CITY SD,Dutchess,624,22%,540,10%
HARPURSVILLE CSD,Broome,630,21%,463,24%
MALONE CSD,Franklin,630,21%,496,21%
WORCESTER CSD,Otsego,630,21%,503,20%
NEWFIELD CSD,Tompkins,630,21%,526,15%
UNADILLA VALLEY CSD,Chenango,630,21%,533,13%
SCHENECTADY CITY SD,Schenectady,630,21%,535,12%
SOUTH SENECA CSD,Seneca,636,20%,452,25%
STAMFORD CSD,Delaware,636,20%,463,24%
MILFORD CSD,Otsego,638,19%,480,22%
GILBOA-CONESVILLE CSD,Schoharie,638,19%,508,19%
FALLSBURG CSD,Sullivan,638,19%,521,16%
CLYDE-SAVANNAH CSD,Wayne,638,19%,538,11%
MINERVA CSD,Essex,642,18%,N/A,N/A
SCHENEVUS CSD,Otsego,642,18%,414,28%
LACKAWANNA CITY SD,Erie,644,17%,535,12%
SYRACUSE CITY SD,Onondaga,644,17%,538,11%
GREEN ISLAND UFSD,Albany,646,14%,541,9%
ROCHESTER CITY SD,Monroe,647,13%,N/A,N/A
DOLGEVILLE CSD,Herkimer,647,13%,503,20%